model_id,model_name,model_family,interval_strategy,fuzzy_order,interval_count,parameter_setting,forecast_target,correction_weight,anchor_model_id,is_evaluation_high_volatility,mae,rmse,smape,mase,forecast_count
chen_adaptive_k9,Chen FTS Adaptive Intervals k=9,fuzzy_time_series,adaptive_quantile,1.0,9.0,k=9;quantiles=training_window;fuzzy_order=1;defuzzification=frequency_weighted_midpoint,yield_level,,,True,0.056439546880658456,0.07563191253288284,14.269969781393295,1.7452248653101634,9
chen_equal_k7,Chen FTS Equal Intervals k=7,fuzzy_time_series,equal_length,1.0,7.0,k=7;margin_fraction=0.05;fuzzy_order=1;defuzzification=frequency_weighted_midpoint,yield_level,,,True,0.05693431577248677,0.0757429790856663,14.655472553977896,1.7888185227723044,9
chen_change_adaptive_k9_w100,Chen FTS Absolute Change Correction Adaptive Intervals k=9 w100,fuzzy_time_series,adaptive_quantile,1.0,9.0,forecast_target=absolute_change;k=9;correction_weight=1;anchor=baseline_naive;fuzzy_order=1;defuzzification=frequency_weighted_midpoint,absolute_change,1.0,baseline_naive,True,0.05734998308539094,0.0673157564532637,14.63840462584897,1.8426431948006785,9
chen_pct_change_adaptive_k5_w100,Chen FTS Percentage Change Correction Adaptive Intervals k=5 w100,fuzzy_time_series,adaptive_quantile,1.0,5.0,forecast_target=percentage_change;k=5;correction_weight=1;anchor=baseline_naive;fuzzy_order=1;defuzzification=frequency_weighted_midpoint,percentage_change,1.0,baseline_naive,True,0.058961138047586195,0.06886962077688814,15.126231230453032,1.875688211778505,9
chen_change_adaptive_k11_w100,Chen FTS Absolute Change Correction Adaptive Intervals k=11 w100,fuzzy_time_series,adaptive_quantile,1.0,11.0,forecast_target=absolute_change;k=11;correction_weight=1;anchor=baseline_naive;fuzzy_order=1;defuzzification=frequency_weighted_midpoint,absolute_change,1.0,baseline_naive,True,0.05925913363215486,0.06997227728530903,15.04158318641316,1.9014865279305573,9
chen_change_equal_k7_w100,Chen FTS Absolute Change Correction Equal Intervals k=7 w100,fuzzy_time_series,equal_length,1.0,7.0,forecast_target=absolute_change;k=7;correction_weight=1;anchor=baseline_naive;fuzzy_order=1;defuzzification=frequency_weighted_midpoint,absolute_change,1.0,baseline_naive,True,0.06130564810430837,0.06872225707956948,15.650845146744157,1.9461706984946783,9
chen_change_adaptive_k7_w100,Chen FTS Absolute Change Correction Adaptive Intervals k=7 w100,fuzzy_time_series,adaptive_quantile,1.0,7.0,forecast_target=absolute_change;k=7;correction_weight=1;anchor=baseline_naive;fuzzy_order=1;defuzzification=frequency_weighted_midpoint,absolute_change,1.0,baseline_naive,True,0.06260150088492063,0.07202021574923287,16.13920566131141,2.000332622396334,9
chen_order2_adaptive_k5,Chen FTS Order 2 Adaptive Intervals k=5,fuzzy_time_series,adaptive_quantile,2.0,5.0,k=5;quantiles=training_window;fuzzy_order=2;defuzzification=frequency_weighted_midpoint,yield_level,,,True,0.06265112394444443,0.07820615745729252,16.627628624180936,1.9466162888220997,9
chen_pct_change_equal_k5_w100,Chen FTS Percentage Change Correction Equal Intervals k=5 w100,fuzzy_time_series,equal_length,1.0,5.0,forecast_target=percentage_change;k=5;correction_weight=1;anchor=baseline_naive;fuzzy_order=1;defuzzification=frequency_weighted_midpoint,percentage_change,1.0,baseline_naive,True,0.06444400412863746,0.07354100128224725,16.51550835973494,2.035742359259052,9
chen_change_equal_k5_w100,Chen FTS Absolute Change Correction Equal Intervals k=5 w100,fuzzy_time_series,equal_length,1.0,5.0,forecast_target=absolute_change;k=5;correction_weight=1;anchor=baseline_naive;fuzzy_order=1;defuzzification=frequency_weighted_midpoint,absolute_change,1.0,baseline_naive,True,0.06493023119692916,0.07202002330388008,16.65986566829531,2.063723760709184,9
chen_change_adaptive_k11_w050,Chen FTS Absolute Change Correction Adaptive Intervals k=11 w050,fuzzy_time_series,adaptive_quantile,1.0,11.0,forecast_target=absolute_change;k=11;correction_weight=0.5;anchor=baseline_naive;fuzzy_order=1;defuzzification=frequency_weighted_midpoint,absolute_change,0.5,baseline_naive,True,0.06505558335648148,0.07160734087501908,16.71091669685118,2.075617997988731,9
chen_change_equal_k7_w050,Chen FTS Absolute Change Correction Equal Intervals k=7 w050,fuzzy_time_series,equal_length,1.0,7.0,forecast_target=absolute_change;k=7;correction_weight=0.5;anchor=baseline_naive;fuzzy_order=1;defuzzification=frequency_weighted_midpoint,absolute_change,0.5,baseline_naive,True,0.06546552782199545,0.07125522635607333,16.870891386884264,2.0794850710169492,9
chen_change_adaptive_k9_w050,Chen FTS Absolute Change Correction Adaptive Intervals k=9 w050,fuzzy_time_series,adaptive_quantile,1.0,9.0,forecast_target=absolute_change;k=9;correction_weight=0.5;anchor=baseline_naive;fuzzy_order=1;defuzzification=frequency_weighted_midpoint,absolute_change,0.5,baseline_naive,True,0.06580277320936213,0.07088839994883155,16.934015448384137,2.097459134140282,9
chen_order2_adaptive_k7,Chen FTS Order 2 Adaptive Intervals k=7,fuzzy_time_series,adaptive_quantile,2.0,7.0,k=7;quantiles=training_window;fuzzy_order=2;defuzzification=frequency_weighted_midpoint,yield_level,,,True,0.06584063841137563,0.07541185878441979,17.17669009137965,2.040296051755619,9
chen_change_adaptive_k5_w100,Chen FTS Absolute Change Correction Adaptive Intervals k=5 w100,fuzzy_time_series,adaptive_quantile,1.0,5.0,forecast_target=absolute_change;k=5;correction_weight=1;anchor=baseline_naive;fuzzy_order=1;defuzzification=frequency_weighted_midpoint,absolute_change,1.0,baseline_naive,True,0.06645135093985889,0.07326467838550899,17.002922263884006,2.1181394782837715,9
chen_pct_change_adaptive_k5_w050,Chen FTS Percentage Change Correction Adaptive Intervals k=5 w050,fuzzy_time_series,adaptive_quantile,1.0,5.0,forecast_target=percentage_change;k=5;correction_weight=0.5;anchor=baseline_naive;fuzzy_order=1;defuzzification=frequency_weighted_midpoint,percentage_change,0.5,baseline_naive,True,0.06660835069045976,0.07194012499505602,17.170818129941093,2.1139816426291955,9
chen_adaptive_k7,Chen FTS Adaptive Intervals k=7,fuzzy_time_series,adaptive_quantile,1.0,7.0,k=7;quantiles=training_window;fuzzy_order=1;defuzzification=frequency_weighted_midpoint,yield_level,,,True,0.06672466519104307,0.0793128302846589,17.474174017386503,2.071723207382828,9
chen_pct_change_equal_k7_w100,Chen FTS Percentage Change Correction Equal Intervals k=7 w100,fuzzy_time_series,equal_length,1.0,7.0,forecast_target=percentage_change;k=7;correction_weight=1;anchor=baseline_naive;fuzzy_order=1;defuzzification=frequency_weighted_midpoint,percentage_change,1.0,baseline_naive,True,0.06748325903702374,0.07562457115833154,17.291204585195498,2.154776380827803,9
chen_adaptive_k5,Chen FTS Adaptive Intervals k=5,fuzzy_time_series,adaptive_quantile,1.0,5.0,k=5;quantiles=training_window;fuzzy_order=1;defuzzification=frequency_weighted_midpoint,yield_level,,,True,0.06777405103386241,0.08145847239769136,17.7781461699913,2.131998061016054,9
chen_change_adaptive_k7_w050,Chen FTS Absolute Change Correction Adaptive Intervals k=7 w050,fuzzy_time_series,adaptive_quantile,1.0,7.0,forecast_target=absolute_change;k=7;correction_weight=0.5;anchor=baseline_naive;fuzzy_order=1;defuzzification=frequency_weighted_midpoint,absolute_change,0.5,baseline_naive,True,0.06842853210912697,0.07353700748702717,17.697502684970388,2.1763038479381094,9
chen_change_equal_k5_w050,Chen FTS Absolute Change Correction Equal Intervals k=5 w050,fuzzy_time_series,equal_length,1.0,5.0,forecast_target=absolute_change;k=5;correction_weight=0.5;anchor=baseline_naive;fuzzy_order=1;defuzzification=frequency_weighted_midpoint,absolute_change,0.5,baseline_naive,True,0.06857267672068679,0.07361016868750282,17.704289057936712,2.177266994805435,9
chen_pct_change_equal_k5_w050,Chen FTS Percentage Change Correction Equal Intervals k=5 w050,fuzzy_time_series,equal_length,1.0,5.0,forecast_target=percentage_change;k=5;correction_weight=0.5;anchor=baseline_naive;fuzzy_order=1;defuzzification=frequency_weighted_midpoint,percentage_change,0.5,baseline_naive,True,0.06868631614575167,0.07329945072069825,17.68219667805096,2.171754664246365,9
chen_pct_change_adaptive_k9_w100,Chen FTS Percentage Change Correction Adaptive Intervals k=9 w100,fuzzy_time_series,adaptive_quantile,1.0,9.0,forecast_target=percentage_change;k=9;correction_weight=1;anchor=baseline_naive;fuzzy_order=1;defuzzification=frequency_weighted_midpoint,percentage_change,1.0,baseline_naive,True,0.06895230086817282,0.08072315140831389,17.380968978498565,2.206588778063255,9
chen_pct_change_adaptive_k9_w050,Chen FTS Percentage Change Correction Adaptive Intervals k=9 w050,fuzzy_time_series,adaptive_quantile,1.0,9.0,forecast_target=percentage_change;k=9;correction_weight=0.5;anchor=baseline_naive;fuzzy_order=1;defuzzification=frequency_weighted_midpoint,percentage_change,0.5,baseline_naive,True,0.06896757369319041,0.07631273759889995,17.67796118570721,2.2000160775730286,9
chen_order2_adaptive_k11,Chen FTS Order 2 Adaptive Intervals k=11,fuzzy_time_series,adaptive_quantile,2.0,11.0,k=11;quantiles=training_window;fuzzy_order=2;defuzzification=frequency_weighted_midpoint,yield_level,,,True,0.06952804084175083,0.09195965547315538,18.435482438487806,2.189850690411374,9
chen_pct_change_adaptive_k11_w050,Chen FTS Percentage Change Correction Adaptive Intervals k=11 w050,fuzzy_time_series,adaptive_quantile,1.0,11.0,forecast_target=percentage_change;k=11;correction_weight=0.5;anchor=baseline_naive;fuzzy_order=1;defuzzification=frequency_weighted_midpoint,percentage_change,0.5,baseline_naive,True,0.06990239099272776,0.07862176840884673,17.8314858124388,2.2281728133548087,9
chen_change_adaptive_k5_w050,Chen FTS Absolute Change Correction Adaptive Intervals k=5 w050,fuzzy_time_series,adaptive_quantile,1.0,5.0,forecast_target=absolute_change;k=5;correction_weight=0.5;anchor=baseline_naive;fuzzy_order=1;defuzzification=frequency_weighted_midpoint,absolute_change,0.5,baseline_naive,True,0.07035345713659609,0.07498193420499598,18.155608479640044,2.235207275881829,9
chen_equal_k11,Chen FTS Equal Intervals k=11,fuzzy_time_series,equal_length,1.0,11.0,k=11;margin_fraction=0.05;fuzzy_order=1;defuzzification=frequency_weighted_midpoint,yield_level,,,True,0.07071056344444443,0.08593891566239413,18.408319050293787,2.1981413540813595,9
chen_pct_change_equal_k7_w050,Chen FTS Percentage Change Correction Equal Intervals k=7 w050,fuzzy_time_series,equal_length,1.0,7.0,forecast_target=percentage_change;k=7;correction_weight=0.5;anchor=baseline_naive;fuzzy_order=1;defuzzification=frequency_weighted_midpoint,percentage_change,0.5,baseline_naive,True,0.07086941118517852,0.07584548037623802,18.290666891283315,2.253525727153844,9
chen_adaptive_k11,Chen FTS Adaptive Intervals k=11,fuzzy_time_series,adaptive_quantile,1.0,11.0,k=11;quantiles=training_window;fuzzy_order=1;defuzzification=frequency_weighted_midpoint,yield_level,,,True,0.07094929465488214,0.09337478232862545,18.96174399083725,2.23283068346478,9
chen_pct_change_adaptive_k11_w100,Chen FTS Percentage Change Correction Adaptive Intervals k=11 w100,fuzzy_time_series,adaptive_quantile,1.0,11.0,forecast_target=percentage_change;k=11;correction_weight=1;anchor=baseline_naive;fuzzy_order=1;defuzzification=frequency_weighted_midpoint,percentage_change,1.0,baseline_naive,True,0.072844744429686,0.08609662734830927,18.213521168387796,2.32383595614974,9
chen_order2_adaptive_k9,Chen FTS Order 2 Adaptive Intervals k=9,fuzzy_time_series,adaptive_quantile,2.0,9.0,k=9;quantiles=training_window;fuzzy_order=2;defuzzification=frequency_weighted_midpoint,yield_level,,,True,0.07292758022633745,0.09400859781554308,18.874935042075688,2.258614216937474,9
baseline_arima_aic,ARIMA-AIC,baseline,none,,,aic_grid_p0-2_d0-1_q0-2,yield_level,,,True,0.07382015206282938,0.07934032323524244,19.330418257872246,2.333010184739038,9
chen_pct_change_adaptive_k7_w050,Chen FTS Percentage Change Correction Adaptive Intervals k=7 w050,fuzzy_time_series,adaptive_quantile,1.0,7.0,forecast_target=percentage_change;k=7;correction_weight=0.5;anchor=baseline_naive;fuzzy_order=1;defuzzification=frequency_weighted_midpoint,percentage_change,0.5,baseline_naive,True,0.07416516364700995,0.07998732875628044,19.180180094136716,2.3597999050433884,9
baseline_naive,Naive,baseline,none,,,previous_observation,yield_level,,,True,0.07425556333333333,0.07743931439090761,19.33520799690423,2.3522750734798854,9
chen_pct_change_equal_k9_w050,Chen FTS Percentage Change Correction Equal Intervals k=9 w050,fuzzy_time_series,equal_length,1.0,9.0,forecast_target=percentage_change;k=9;correction_weight=0.5;anchor=baseline_naive;fuzzy_order=1;defuzzification=frequency_weighted_midpoint,percentage_change,0.5,baseline_naive,True,0.07470381675574987,0.08331487394401103,19.508015653999724,2.383966697202324,9
baseline_drift,Drift,baseline,none,,,one_step_linear_drift,yield_level,,,True,0.07472155253318945,0.07786238218226538,19.40605069624918,2.369590007883607,9
chen_change_equal_k9_w050,Chen FTS Absolute Change Correction Equal Intervals k=9 w050,fuzzy_time_series,equal_length,1.0,9.0,forecast_target=absolute_change;k=9;correction_weight=0.5;anchor=baseline_naive;fuzzy_order=1;defuzzification=frequency_weighted_midpoint,absolute_change,0.5,baseline_naive,True,0.07708211495804841,0.0806889038106888,19.86482759973973,2.432701774467213,9
chen_pct_change_adaptive_k7_w100,Chen FTS Percentage Change Correction Adaptive Intervals k=7 w100,fuzzy_time_series,adaptive_quantile,1.0,7.0,forecast_target=percentage_change;k=7;correction_weight=1;anchor=baseline_naive;fuzzy_order=1;defuzzification=frequency_weighted_midpoint,percentage_change,1.0,baseline_naive,True,0.0782630764187028,0.08565142857984408,20.102409354391096,2.493490581667914,9
chen_change_equal_k9_w100,Chen FTS Absolute Change Correction Equal Intervals k=9 w100,fuzzy_time_series,equal_length,1.0,9.0,forecast_target=absolute_change;k=9;correction_weight=1;anchor=baseline_naive;fuzzy_order=1;defuzzification=frequency_weighted_midpoint,absolute_change,1.0,baseline_naive,True,0.07990866658276352,0.08828634262716505,20.486100447768802,2.5131284754545393,9
chen_change_equal_k11_w050,Chen FTS Absolute Change Correction Equal Intervals k=11 w050,fuzzy_time_series,equal_length,1.0,11.0,forecast_target=absolute_change;k=11;correction_weight=0.5;anchor=baseline_naive;fuzzy_order=1;defuzzification=frequency_weighted_midpoint,absolute_change,0.5,baseline_naive,True,0.08009294698888889,0.0850114032378975,20.516561615869634,2.5305096084213874,9
chen_equal_k9,Chen FTS Equal Intervals k=9,fuzzy_time_series,equal_length,1.0,9.0,k=9;margin_fraction=0.05;fuzzy_order=1;defuzzification=frequency_weighted_midpoint,yield_level,,,True,0.08124483651604937,0.09772175657689741,20.90229828845835,2.52003885875842,9
chen_equal_k5,Chen FTS Equal Intervals k=5,fuzzy_time_series,equal_length,1.0,5.0,k=5;margin_fraction=0.05;fuzzy_order=1;defuzzification=frequency_weighted_midpoint,yield_level,,,True,0.08349735457460317,0.1005657848402475,22.408466468828525,2.6464651417208893,9
chen_pct_change_equal_k9_w100,Chen FTS Percentage Change Correction Equal Intervals k=9 w100,fuzzy_time_series,equal_length,1.0,9.0,forecast_target=percentage_change;k=9;correction_weight=1;anchor=baseline_naive;fuzzy_order=1;defuzzification=frequency_weighted_midpoint,percentage_change,1.0,baseline_naive,True,0.08371547264014109,0.09318228172671243,21.865779158839544,2.67361636943302,9
chen_pct_change_equal_k11_w050,Chen FTS Percentage Change Correction Equal Intervals k=11 w050,fuzzy_time_series,equal_length,1.0,11.0,forecast_target=percentage_change;k=11;correction_weight=0.5;anchor=baseline_naive;fuzzy_order=1;defuzzification=frequency_weighted_midpoint,percentage_change,0.5,baseline_naive,True,0.08513273988138827,0.09326179190925106,21.880845649292336,2.706998379950019,9
chen_change_equal_k11_w100,Chen FTS Absolute Change Correction Equal Intervals k=11 w100,fuzzy_time_series,equal_length,1.0,11.0,forecast_target=absolute_change;k=11;correction_weight=1;anchor=baseline_naive;fuzzy_order=1;defuzzification=frequency_weighted_midpoint,absolute_change,1.0,baseline_naive,True,0.08593033064444443,0.09736691926711528,21.712651411069206,2.7087441433628885,9
chen_pct_change_equal_k11_w100,Chen FTS Percentage Change Correction Equal Intervals k=11 w100,fuzzy_time_series,equal_length,1.0,11.0,forecast_target=percentage_change;k=11;correction_weight=1;anchor=baseline_naive;fuzzy_order=1;defuzzification=frequency_weighted_midpoint,percentage_change,1.0,baseline_naive,True,0.0960099164294432,0.11286533933385678,24.383883472325543,3.061721686420152,9
baseline_mean,Mean,baseline,none,,,expanding_window_mean,yield_level,,,True,0.10150953049826367,0.12568850527853193,28.277003734279393,3.19687186462747,9
baseline_drift,Drift,baseline,none,,,one_step_linear_drift,yield_level,,,False,0.01624485195337237,0.0228348733195024,3.9648308445768543,0.49300970444554765,25
baseline_naive,Naive,baseline,none,,,previous_observation,yield_level,,,False,0.016332004799999994,0.022340632911374732,3.949622425430476,0.49924754716503295,25
chen_change_equal_k7_w050,Chen FTS Absolute Change Correction Equal Intervals k=7 w050,fuzzy_time_series,equal_length,1.0,7.0,forecast_target=absolute_change;k=7;correction_weight=0.5;anchor=baseline_naive;fuzzy_order=1;defuzzification=frequency_weighted_midpoint,absolute_change,0.5,baseline_naive,False,0.016713266753583526,0.021990698596017655,4.3050123485412275,0.5083852241206589,25
chen_change_equal_k5_w050,Chen FTS Absolute Change Correction Equal Intervals k=5 w050,fuzzy_time_series,equal_length,1.0,5.0,forecast_target=absolute_change;k=5;correction_weight=0.5;anchor=baseline_naive;fuzzy_order=1;defuzzification=frequency_weighted_midpoint,absolute_change,0.5,baseline_naive,False,0.01675591666506551,0.0228520737253669,4.223924701748452,0.5095511032320448,25
chen_change_adaptive_k9_w050,Chen FTS Absolute Change Correction Adaptive Intervals k=9 w050,fuzzy_time_series,adaptive_quantile,1.0,9.0,forecast_target=absolute_change;k=9;correction_weight=0.5;anchor=baseline_naive;fuzzy_order=1;defuzzification=frequency_weighted_midpoint,absolute_change,0.5,baseline_naive,False,0.017002206495370365,0.022036564797019223,4.330481801750004,0.5189604004499742,25
chen_change_equal_k5_w100,Chen FTS Absolute Change Correction Equal Intervals k=5 w100,fuzzy_time_series,equal_length,1.0,5.0,forecast_target=absolute_change;k=5;correction_weight=1;anchor=baseline_naive;fuzzy_order=1;defuzzification=frequency_weighted_midpoint,absolute_change,1.0,baseline_naive,False,0.0175716420511649,0.02538088995120311,4.570988369488195,0.5317076351498303,25
chen_pct_change_adaptive_k9_w050,Chen FTS Percentage Change Correction Adaptive Intervals k=9 w050,fuzzy_time_series,adaptive_quantile,1.0,9.0,forecast_target=percentage_change;k=9;correction_weight=0.5;anchor=baseline_naive;fuzzy_order=1;defuzzification=frequency_weighted_midpoint,percentage_change,0.5,baseline_naive,False,0.0176645262189462,0.02294854136295079,4.435890905122495,0.5359141115107311,25
chen_pct_change_adaptive_k5_w050,Chen FTS Percentage Change Correction Adaptive Intervals k=5 w050,fuzzy_time_series,adaptive_quantile,1.0,5.0,forecast_target=percentage_change;k=5;correction_weight=0.5;anchor=baseline_naive;fuzzy_order=1;defuzzification=frequency_weighted_midpoint,percentage_change,0.5,baseline_naive,False,0.01798239787974254,0.023361097491928915,4.561472145329954,0.5469803428286256,25
chen_change_adaptive_k11_w050,Chen FTS Absolute Change Correction Adaptive Intervals k=11 w050,fuzzy_time_series,adaptive_quantile,1.0,11.0,forecast_target=absolute_change;k=11;correction_weight=0.5;anchor=baseline_naive;fuzzy_order=1;defuzzification=frequency_weighted_midpoint,absolute_change,0.5,baseline_naive,False,0.018019384044242425,0.022024228253057946,4.504608038278357,0.5507561312981377,25
chen_pct_change_equal_k7_w050,Chen FTS Percentage Change Correction Equal Intervals k=7 w050,fuzzy_time_series,equal_length,1.0,7.0,forecast_target=percentage_change;k=7;correction_weight=0.5;anchor=baseline_naive;fuzzy_order=1;defuzzification=frequency_weighted_midpoint,percentage_change,0.5,baseline_naive,False,0.01826720416865095,0.025481714591009407,4.682117753331903,0.5527900925442776,25
chen_pct_change_equal_k5_w050,Chen FTS Percentage Change Correction Equal Intervals k=5 w050,fuzzy_time_series,equal_length,1.0,5.0,forecast_target=percentage_change;k=5;correction_weight=0.5;anchor=baseline_naive;fuzzy_order=1;defuzzification=frequency_weighted_midpoint,percentage_change,0.5,baseline_naive,False,0.01828384854233478,0.02490284683907653,4.626098884122647,0.5528311644073793,25
chen_pct_change_equal_k9_w050,Chen FTS Percentage Change Correction Equal Intervals k=9 w050,fuzzy_time_series,equal_length,1.0,9.0,forecast_target=percentage_change;k=9;correction_weight=0.5;anchor=baseline_naive;fuzzy_order=1;defuzzification=frequency_weighted_midpoint,percentage_change,0.5,baseline_naive,False,0.018334189903912092,0.024846153232416287,4.620409553375818,0.5562821256058119,25
chen_change_adaptive_k7_w050,Chen FTS Absolute Change Correction Adaptive Intervals k=7 w050,fuzzy_time_series,adaptive_quantile,1.0,7.0,forecast_target=absolute_change;k=7;correction_weight=0.5;anchor=baseline_naive;fuzzy_order=1;defuzzification=frequency_weighted_midpoint,absolute_change,0.5,baseline_naive,False,0.01861098116103741,0.0226826838213199,4.657222002865405,0.5692450038912509,25
chen_pct_change_adaptive_k11_w050,Chen FTS Percentage Change Correction Adaptive Intervals k=11 w050,fuzzy_time_series,adaptive_quantile,1.0,11.0,forecast_target=percentage_change;k=11;correction_weight=0.5;anchor=baseline_naive;fuzzy_order=1;defuzzification=frequency_weighted_midpoint,percentage_change,0.5,baseline_naive,False,0.018738582099280907,0.024820683313024335,4.795507834069191,0.5678354926861184,25
chen_change_equal_k7_w100,Chen FTS Absolute Change Correction Equal Intervals k=7 w100,fuzzy_time_series,equal_length,1.0,7.0,forecast_target=absolute_change;k=7;correction_weight=1;anchor=baseline_naive;fuzzy_order=1;defuzzification=frequency_weighted_midpoint,absolute_change,1.0,baseline_naive,False,0.019286532707167035,0.027824680691236406,5.0417528174154524,0.5804158322335953,25
baseline_arima_aic,ARIMA-AIC,baseline,none,,,aic_grid_p0-2_d0-1_q0-2,yield_level,,,False,0.0194118589793206,0.02429861662340882,4.723796140807733,0.5946074819802799,25
chen_change_adaptive_k9_w100,Chen FTS Absolute Change Correction Adaptive Intervals k=9 w100,fuzzy_time_series,adaptive_quantile,1.0,9.0,forecast_target=absolute_change;k=9;correction_weight=1;anchor=baseline_naive;fuzzy_order=1;defuzzification=frequency_weighted_midpoint,absolute_change,1.0,baseline_naive,False,0.019464321986296294,0.026696483001740663,5.060372836749795,0.5929471870840731,25
chen_pct_change_adaptive_k7_w050,Chen FTS Percentage Change Correction Adaptive Intervals k=7 w050,fuzzy_time_series,adaptive_quantile,1.0,7.0,forecast_target=percentage_change;k=7;correction_weight=0.5;anchor=baseline_naive;fuzzy_order=1;defuzzification=frequency_weighted_midpoint,percentage_change,0.5,baseline_naive,False,0.019541897494989628,0.02431719695925501,4.834325046590034,0.59234886923749,25
chen_change_adaptive_k5_w050,Chen FTS Absolute Change Correction Adaptive Intervals k=5 w050,fuzzy_time_series,adaptive_quantile,1.0,5.0,forecast_target=absolute_change;k=5;correction_weight=0.5;anchor=baseline_naive;fuzzy_order=1;defuzzification=frequency_weighted_midpoint,absolute_change,0.5,baseline_naive,False,0.019646544066290756,0.023622719818261553,4.8203781577021125,0.597584201581867,25
chen_change_equal_k9_w050,Chen FTS Absolute Change Correction Equal Intervals k=9 w050,fuzzy_time_series,equal_length,1.0,9.0,forecast_target=absolute_change;k=9;correction_weight=0.5;anchor=baseline_naive;fuzzy_order=1;defuzzification=frequency_weighted_midpoint,absolute_change,0.5,baseline_naive,False,0.019677435730744434,0.02673612432488108,4.7387465184385675,0.5942818743615922,25
chen_equal_k5,Chen FTS Equal Intervals k=5,fuzzy_time_series,equal_length,1.0,5.0,k=5;margin_fraction=0.05;fuzzy_order=1;defuzzification=frequency_weighted_midpoint,yield_level,,,False,0.02008898782645129,0.023847595546940152,4.828421814282248,0.6167482237218672,25
chen_equal_k11,Chen FTS Equal Intervals k=11,fuzzy_time_series,equal_length,1.0,11.0,k=11;margin_fraction=0.05;fuzzy_order=1;defuzzification=frequency_weighted_midpoint,yield_level,,,False,0.020449309088666667,0.02585847684938391,5.041358592850893,0.6247071896518626,25
chen_change_equal_k11_w050,Chen FTS Absolute Change Correction Equal Intervals k=11 w050,fuzzy_time_series,equal_length,1.0,11.0,forecast_target=absolute_change;k=11;correction_weight=0.5;anchor=baseline_naive;fuzzy_order=1;defuzzification=frequency_weighted_midpoint,absolute_change,0.5,baseline_naive,False,0.020569081221437507,0.028993338852480552,5.058546553370815,0.6216195993503659,25
chen_pct_change_equal_k11_w050,Chen FTS Percentage Change Correction Equal Intervals k=11 w050,fuzzy_time_series,equal_length,1.0,11.0,forecast_target=percentage_change;k=11;correction_weight=0.5;anchor=baseline_naive;fuzzy_order=1;defuzzification=frequency_weighted_midpoint,percentage_change,0.5,baseline_naive,False,0.02071571793435674,0.026033496485880884,5.2220731678412005,0.6284896733448457,25
chen_pct_change_equal_k9_w100,Chen FTS Percentage Change Correction Equal Intervals k=9 w100,fuzzy_time_series,equal_length,1.0,9.0,forecast_target=percentage_change;k=9;correction_weight=1;anchor=baseline_naive;fuzzy_order=1;defuzzification=frequency_weighted_midpoint,percentage_change,1.0,baseline_naive,False,0.02087187020474278,0.029816518591733666,5.341442055333362,0.6305112820725715,25
chen_pct_change_adaptive_k9_w100,Chen FTS Percentage Change Correction Adaptive Intervals k=9 w100,fuzzy_time_series,adaptive_quantile,1.0,9.0,forecast_target=percentage_change;k=9;correction_weight=1;anchor=baseline_naive;fuzzy_order=1;defuzzification=frequency_weighted_midpoint,percentage_change,1.0,baseline_naive,False,0.020907305931510262,0.02818296699670227,5.261637080550368,0.6300067056282255,25
chen_pct_change_adaptive_k5_w100,Chen FTS Percentage Change Correction Adaptive Intervals k=5 w100,fuzzy_time_series,adaptive_quantile,1.0,5.0,forecast_target=percentage_change;k=5;correction_weight=1;anchor=baseline_naive;fuzzy_order=1;defuzzification=frequency_weighted_midpoint,percentage_change,1.0,baseline_naive,False,0.021067127651068017,0.02735344590528589,5.4097431005888765,0.6381692098721037,25
chen_change_adaptive_k11_w100,Chen FTS Absolute Change Correction Adaptive Intervals k=11 w100,fuzzy_time_series,adaptive_quantile,1.0,11.0,forecast_target=absolute_change;k=11;correction_weight=1;anchor=baseline_naive;fuzzy_order=1;defuzzification=frequency_weighted_midpoint,absolute_change,1.0,baseline_naive,False,0.02173994427030304,0.026625809335463994,5.4174944870746575,0.6629361070727579,25
chen_change_adaptive_k7_w100,Chen FTS Absolute Change Correction Adaptive Intervals k=7 w100,fuzzy_time_series,adaptive_quantile,1.0,7.0,forecast_target=absolute_change;k=7;correction_weight=1;anchor=baseline_naive;fuzzy_order=1;defuzzification=frequency_weighted_midpoint,absolute_change,1.0,baseline_naive,False,0.02188120015064625,0.02806042231670761,5.520671278405281,0.6685403198986171,25
chen_change_equal_k9_w100,Chen FTS Absolute Change Correction Equal Intervals k=9 w100,fuzzy_time_series,equal_length,1.0,9.0,forecast_target=absolute_change;k=9;correction_weight=1;anchor=baseline_naive;fuzzy_order=1;defuzzification=frequency_weighted_midpoint,absolute_change,1.0,baseline_naive,False,0.023022866661488877,0.03656075846368877,5.4357136580196626,0.6893162015581517,25
chen_pct_change_adaptive_k7_w100,Chen FTS Percentage Change Correction Adaptive Intervals k=7 w100,fuzzy_time_series,adaptive_quantile,1.0,7.0,forecast_target=percentage_change;k=7;correction_weight=1;anchor=baseline_naive;fuzzy_order=1;defuzzification=frequency_weighted_midpoint,percentage_change,1.0,baseline_naive,False,0.023144892026248566,0.02950310875591938,5.7753300782942665,0.6973899548367026,25
chen_pct_change_adaptive_k11_w100,Chen FTS Percentage Change Correction Adaptive Intervals k=11 w100,fuzzy_time_series,adaptive_quantile,1.0,11.0,forecast_target=percentage_change;k=11;correction_weight=1;anchor=baseline_naive;fuzzy_order=1;defuzzification=frequency_weighted_midpoint,percentage_change,1.0,baseline_naive,False,0.023573776550705514,0.031440624961437666,6.010636859781864,0.7147624413502683,25
chen_change_adaptive_k5_w100,Chen FTS Absolute Change Correction Adaptive Intervals k=5 w100,fuzzy_time_series,adaptive_quantile,1.0,5.0,forecast_target=absolute_change;k=5;correction_weight=1;anchor=baseline_naive;fuzzy_order=1;defuzzification=frequency_weighted_midpoint,absolute_change,1.0,baseline_naive,False,0.023830546494036087,0.029003048290803225,5.828526264663069,0.7230923341327449,25
chen_pct_change_equal_k7_w100,Chen FTS Percentage Change Correction Equal Intervals k=7 w100,fuzzy_time_series,equal_length,1.0,7.0,forecast_target=percentage_change;k=7;correction_weight=1;anchor=baseline_naive;fuzzy_order=1;defuzzification=frequency_weighted_midpoint,percentage_change,1.0,baseline_naive,False,0.025333745408040162,0.03233885724377506,6.285833630553712,0.7694209291809594,25
chen_pct_change_equal_k5_w100,Chen FTS Percentage Change Correction Equal Intervals k=5 w100,fuzzy_time_series,equal_length,1.0,5.0,forecast_target=percentage_change;k=5;correction_weight=1;anchor=baseline_naive;fuzzy_order=1;defuzzification=frequency_weighted_midpoint,percentage_change,1.0,baseline_naive,False,0.025420261250721946,0.03260585932141103,6.159928793839597,0.7711866508505376,25
chen_change_equal_k11_w100,Chen FTS Absolute Change Correction Equal Intervals k=11 w100,fuzzy_time_series,equal_length,1.0,11.0,forecast_target=absolute_change;k=11;correction_weight=1;anchor=baseline_naive;fuzzy_order=1;defuzzification=frequency_weighted_midpoint,absolute_change,1.0,baseline_naive,False,0.025774153642875008,0.04056785881749826,6.276261512528182,0.7718800565659265,25
chen_pct_change_equal_k11_w100,Chen FTS Percentage Change Correction Equal Intervals k=11 w100,fuzzy_time_series,equal_length,1.0,11.0,forecast_target=percentage_change;k=11;correction_weight=1;anchor=baseline_naive;fuzzy_order=1;defuzzification=frequency_weighted_midpoint,percentage_change,1.0,baseline_naive,False,0.027538328648204536,0.03539171511489484,6.892762528597104,0.8280981179301761,25
chen_equal_k9,Chen FTS Equal Intervals k=9,fuzzy_time_series,equal_length,1.0,9.0,k=9;margin_fraction=0.05;fuzzy_order=1;defuzzification=frequency_weighted_midpoint,yield_level,,,False,0.02763326449858025,0.035256264683408874,6.909328401212545,0.8488177940320765,25
chen_equal_k7,Chen FTS Equal Intervals k=7,fuzzy_time_series,equal_length,1.0,7.0,k=7;margin_fraction=0.05;fuzzy_order=1;defuzzification=frequency_weighted_midpoint,yield_level,,,False,0.02854822686634921,0.03451943968393888,7.037274538244188,0.8724216462409177,25
chen_order2_adaptive_k11,Chen FTS Order 2 Adaptive Intervals k=11,fuzzy_time_series,adaptive_quantile,2.0,11.0,k=11;quantiles=training_window;fuzzy_order=2;defuzzification=frequency_weighted_midpoint,yield_level,,,False,0.03027559257575756,0.03939415240464514,7.482484062689699,0.9182773789841063,25
chen_adaptive_k11,Chen FTS Adaptive Intervals k=11,fuzzy_time_series,adaptive_quantile,1.0,11.0,k=11;quantiles=training_window;fuzzy_order=1;defuzzification=frequency_weighted_midpoint,yield_level,,,False,0.03660665236848484,0.04527429821494198,8.929026253489226,1.1062401342300245,25
chen_order2_adaptive_k9,Chen FTS Order 2 Adaptive Intervals k=9,fuzzy_time_series,adaptive_quantile,2.0,9.0,k=9;quantiles=training_window;fuzzy_order=2;defuzzification=frequency_weighted_midpoint,yield_level,,,False,0.037182519103703716,0.04800195095846091,9.277294983383022,1.1286513711068986,25
chen_adaptive_k9,Chen FTS Adaptive Intervals k=9,fuzzy_time_series,adaptive_quantile,1.0,9.0,k=9;quantiles=training_window;fuzzy_order=1;defuzzification=frequency_weighted_midpoint,yield_level,,,False,0.04071449835185187,0.04776615597511788,9.81365252265221,1.2288612952106859,25
chen_adaptive_k7,Chen FTS Adaptive Intervals k=7,fuzzy_time_series,adaptive_quantile,1.0,7.0,k=7;quantiles=training_window;fuzzy_order=1;defuzzification=frequency_weighted_midpoint,yield_level,,,False,0.04491620094755104,0.05242912026239855,10.410754986572279,1.3598645819846626,25
chen_order2_adaptive_k7,Chen FTS Order 2 Adaptive Intervals k=7,fuzzy_time_series,adaptive_quantile,2.0,7.0,k=7;quantiles=training_window;fuzzy_order=2;defuzzification=frequency_weighted_midpoint,yield_level,,,False,0.04823247506666668,0.059606738912815906,11.952502832995396,1.4542227299992103,25
chen_adaptive_k5,Chen FTS Adaptive Intervals k=5,fuzzy_time_series,adaptive_quantile,1.0,5.0,k=5;quantiles=training_window;fuzzy_order=1;defuzzification=frequency_weighted_midpoint,yield_level,,,False,0.056000000061774885,0.0652973947247401,12.592694025925038,1.7165806245269135,25
chen_order2_adaptive_k5,Chen FTS Order 2 Adaptive Intervals k=5,fuzzy_time_series,adaptive_quantile,2.0,5.0,k=5;quantiles=training_window;fuzzy_order=2;defuzzification=frequency_weighted_midpoint,yield_level,,,False,0.058367509997523805,0.06749340226007705,13.975698988617891,1.7744614797623777,25
baseline_mean,Mean,baseline,none,,,expanding_window_mean,yield_level,,,False,0.13788098527534282,0.1552700874355035,34.230574849686604,4.242788623586259,25
